[{"path":"\/func.php","checksum":"dbf72e82c955ee11c9bb5c27081dbccc"},{"path":"\/icon.jpg","checksum":"17dffc504054df00165fdee29e26aefb"},{"path":"\/install.php","checksum":"5782fa9094e12d91bc1b5e2641be8c6d"},{"path":"\/module.php","checksum":"a0a7122151fe0437feef6e3199601d2c"},{"path":"\/notify.php","checksum":"b8a29ffb6cf2a7073d29a039f9ba40d1"},{"path":"\/preview.jpg","checksum":"6c0bcdb6b51b08302a6df5420ef91524"},{"path":"\/processor.php","checksum":"779d4780efd66a6e96e2f67e6498f364"},{"path":"\/public\/arr.php","checksum":"9cb4bc943cde6a58b8fc861308780fc6"},{"path":"\/public\/errorCode.php","checksum":"59f4c11372e9207f6faf9994a6c294f8"},{"path":"\/public\/fileutil.php","checksum":"81ce7d194755031d8c882e5781dc9f7c"},{"path":"\/public\/pkcs7Encoder.php","checksum":"bb1d84d6471d6b15e5febd64485ff06c"},{"path":"\/public\/qiniu\/autoload.php","checksum":"795baad89dabfed67195d3c16737693d"},{"path":"\/public\/qiniu\/src\/Qiniu\/Auth.php","checksum":"99c5ea1bc4ca899188f7d0de3849ab73"},{"path":"\/public\/qiniu\/src\/Qiniu\/Config.php","checksum":"0b0eafefadb35240c8a48f11ec60657c"},{"path":"\/public\/qiniu\/src\/Qiniu\/Etag.php","checksum":"ab33324e9ca43f76973959792052ff05"},{"path":"\/public\/qiniu\/src\/Qiniu\/Http\/Client.php","checksum":"a75b0d19cef5454dc2416279644ec9dd"},{"path":"\/public\/qiniu\/src\/Qiniu\/Http\/Error.php","checksum":"eba25d9ed220beca47ce8644948972e4"},{"path":"\/public\/qiniu\/src\/Qiniu\/Http\/Request.php","checksum":"a155dd3d810b3e6607109294d10ec1c4"},{"path":"\/public\/qiniu\/src\/Qiniu\/Http\/Response.php","checksum":"425b09e2731a115de1f946b3d92de73d"},{"path":"\/public\/qiniu\/src\/Qiniu\/Processing\/ImageUrlBuilder.php","checksum":"41c5ae7bfa328d76811364b1d93447b0"},{"path":"\/public\/qiniu\/src\/Qiniu\/Processing\/Operation.php","checksum":"e88cdcd7c65ddee564dbdd3014284b9d"},{"path":"\/public\/qiniu\/src\/Qiniu\/Processing\/PersistentFop.php","checksum":"5be6e38aba2a1e2d67f409538a60609e"},{"path":"\/public\/qiniu\/src\/Qiniu\/Storage\/BucketManager.php","checksum":"71edaabd2e55690c65290d395b6f4b3d"},{"path":"\/public\/qiniu\/src\/Qiniu\/Storage\/FormUploader.php","checksum":"1cde35b7823a0679e3dac99e621340b3"},{"path":"\/public\/qiniu\/src\/Qiniu\/Storage\/ResumeUploader.php","checksum":"d1c6e6496df5d0c295a5e6927edb4ecb"},{"path":"\/public\/qiniu\/src\/Qiniu\/Storage\/UploadManager.php","checksum":"8fbbd7b9619dc55f0b7d8f2b530d3e76"},{"path":"\/public\/qiniu\/src\/Qiniu\/Zone.php","checksum":"2a067437cdb68c2c2fe6fb21aacefd4c"},{"path":"\/public\/qiniu\/src\/Qiniu\/functions.php","checksum":"e28a36371db507aeb360bc15f4782d88"},{"path":"\/public\/sha1.php","checksum":"649af514e5cc43fe36a1c4460dca03a2"},{"path":"\/public\/wxBizMsgCrypt.php","checksum":"04b2bab50b4d05be97a436b6ed324ea6"},{"path":"\/public\/xmlparse.php","checksum":"471caf1eabf935df48abcaec453f6085"},{"path":"\/public\/zip\/update.txt","checksum":"61f67c390db20cf04a3507c13b41ffa2"},{"path":"\/site.php","checksum":"c33ffedc3b108bad986c1ef1e6c4be4b"},{"path":"\/skin\/404.html","checksum":"c6b55ee91f184478321381683e14fc72"},{"path":"\/skin\/ailian\/1.png","checksum":"964e1e95029e9bc31d6122865e3c43f0"},{"path":"\/skin\/ailian\/2.png","checksum":"d5f38563af9b12b7ba9b9df220ecd787"},{"path":"\/skin\/ailian\/3.png","checksum":"8a1d7a376881257603db5325b19e408d"},{"path":"\/skin\/ailian\/4.png","checksum":"78dfd4898620b48846730a5068abb6e1"},{"path":"\/skin\/ailian\/5.png","checksum":"4e75acbe07ad42d236a2e4a6c8ef5d86"},{"path":"\/skin\/ailian\/6.png","checksum":"b7e5087615f162858a0cc8d55b64f494"},{"path":"\/skin\/ailian\/B01N.png","checksum":"6f478d4ede8395a353308af0881e215e"},{"path":"\/skin\/ailian\/B0in.png","checksum":"5a18a61d512ff99fabc7d47b4745cbab"},{"path":"\/skin\/ailian\/ailian.jpg","checksum":"ac2369eeaefe9db35b929a9c70c44927"},{"path":"\/skin\/ailian\/b02n.png","checksum":"b2bd2d66553f1157a02bc5815b775540"},{"path":"\/skin\/ailian\/bg.jpg","checksum":"4577541b20a0a0328ad5bb6edd6b2e4c"},{"path":"\/skin\/ailian\/g.png","checksum":"5f6841181e871d022f6fd1b2928b71b8"},{"path":"\/skin\/ailian\/guang.png","checksum":"00015fc42a8ea27bc9411da4197f9ceb"},{"path":"\/skin\/ailian\/guangban.png","checksum":"46c639de0eb0c56e4beaf84f6fb367f1"},{"path":"\/skin\/ailian\/ziguang.png","checksum":"6352ca293d9268f0e8ea9e756f44bb63"},{"path":"\/skin\/ailian.html","checksum":"9724f5803593a150020af26374fa48f5"},{"path":"\/skin\/baobei\/01.png","checksum":"e3f38ece42abfb427bd695cef4c15cf9"},{"path":"\/skin\/baobei\/baobei.jpg","checksum":"1af511fbc3c22ce2e35b284313481aee"},{"path":"\/skin\/baobei\/bg.jpg","checksum":"446a226532de76adf23d90500b2234d8"},{"path":"\/skin\/baobei\/bi.png","checksum":"05448edb9dbe7850a8e7207113e8f85d"},{"path":"\/skin\/baobei\/cake.png","checksum":"c7e570ac25685340e96bfea72edd7447"},{"path":"\/skin\/baobei\/guang1.png","checksum":"a59f1e9b5eecb2dcad8d25ed520fa0b2"},{"path":"\/skin\/baobei\/huoli.png","checksum":"c6a614794b79fb38bb8d8804f500cdd2"},{"path":"\/skin\/baobei\/kawa.png","checksum":"385b5a0d1f98bfcf5abcc1144e32c05e"},{"path":"\/skin\/baobei\/kuang04.png","checksum":"25ec9c40985b90bdf6fda54dbf7c4e4e"},{"path":"\/skin\/baobei\/kuang1.png","checksum":"ec6b61f4f7c5e054515296bbbb9edfa5"},{"path":"\/skin\/baobei\/rili.png","checksum":"21eee21b456281692de8d8ef39fb8b1c"},{"path":"\/skin\/baobei\/s.png","checksum":"ff38145b84cf9d8b53478144974cb00e"},{"path":"\/skin\/baobei\/sucai1.png","checksum":"5db6b86b49e94703017c9bb3a67aa0c7"},{"path":"\/skin\/baobei\/tong.png","checksum":"3aeea6a0257024e9d66bdb23a1a01262"},{"path":"\/skin\/baobei\/yun.png","checksum":"41a7e51c0c119a41859a3d5df204d76d"},{"path":"\/skin\/baobei\/zaocan.png","checksum":"f6e5237c6f31ad79eef1adf28542d04d"},{"path":"\/skin\/baobei.html","checksum":"10726047b95f7e87389a11ac9b7b4c84"},{"path":"\/skin\/baokan\/001.png","checksum":"5b3466cc2385ca338d02a23995a519f3"},{"path":"\/skin\/baokan\/002.png","checksum":"89ce63cdc7be6b61cb912882541a637f"},{"path":"\/skin\/baokan\/003.png","checksum":"b1087b436db5c8ab3a2fff604ed1408c"},{"path":"\/skin\/baokan\/004.png","checksum":"dd30ab6f8d0a127141cb1d9511ff45b7"},{"path":"\/skin\/baokan\/006.png","checksum":"1468218a5c2c4ac9d291067273f97b29"},{"path":"\/skin\/baokan\/baokan.jpg","checksum":"c33cd71d9bd5d55aad07dd63d5513bb0"},{"path":"\/skin\/baokan\/bg.jpg","checksum":"abe8ca5a10ef4074af51af4459b11b7b"},{"path":"\/skin\/baokan\/biaotidi.png","checksum":"9ad5dcd2390ce507dd957bd07744c941"},{"path":"\/skin\/baokan\/chibang.png","checksum":"8e42a4dc385634f5bb3d1241e34e66bb"},{"path":"\/skin\/baokan\/jiao.png","checksum":"10bbb4f3cb3f94ff17d702ed0cd9b2d2"},{"path":"\/skin\/baokan\/kuang01.png","checksum":"2cc51059428747442f8fbb841eda20fe"},{"path":"\/skin\/baokan\/shenzi.png","checksum":"55869ee5e59fef7e0c4b6337c617b852"},{"path":"\/skin\/baokan\/ying.png","checksum":"e12a79a3bacc9a7749005e33b1ef8422"},{"path":"\/skin\/baokan\/ying1.png","checksum":"b7317c4859276984e0fd79868a39ff8d"},{"path":"\/skin\/baokan\/yingzi.png","checksum":"ec705bd8b38df50df7ec01b916802636"},{"path":"\/skin\/baokan\/yuankuang.png","checksum":"cdb8a5fa2a52a0f9bd6df2e70779e338"},{"path":"\/skin\/baokan.html","checksum":"c6d8260b42dc2bd8131b80eb910964fb"},{"path":"\/skin\/binfen\/bai.png","checksum":"929980062f5b08ee3e3bdbc8e03f4634"},{"path":"\/skin\/binfen\/binfen.jpg","checksum":"21aa37cd561141e96ff4517899661862"},{"path":"\/skin\/binfen\/caomei1.png","checksum":"21a16b52518235d7fa64244e12e26032"},{"path":"\/skin\/binfen\/caomei2.png","checksum":"c53122ee6251419455d8bc82bd65caba"},{"path":"\/skin\/binfen\/cheng.png","checksum":"3edcff5642965b9fb400bf8c4c4ca05e"},{"path":"\/skin\/binfen\/chengda.png","checksum":"08c23fb445568a7fa115ef45ad2dfd9e"},{"path":"\/skin\/binfen\/chengx.png","checksum":"138ec13d64b3e5a546d73b3e53e87dc6"},{"path":"\/skin\/binfen\/duo.png","checksum":"aef1ac7a546cd06c28dd0cb5b6757b76"},{"path":"\/skin\/binfen\/duo_y.png","checksum":"7e6538df832ce217cc73e64b99b5bda9"},{"path":"\/skin\/binfen\/fen.png","checksum":"b70f19e6574eb499e9ae211799f89b0a"},{"path":"\/skin\/binfen\/guozhi.png","checksum":"e3b37a901fce65b302679d44973218a6"},{"path":"\/skin\/binfen\/hongda.png","checksum":"b1f296ab714f2eacf5629d27d6265378"},{"path":"\/skin\/binfen\/huang.png","checksum":"2c796300f7e3c56521dea1e35ee4fa1e"},{"path":"\/skin\/binfen\/huangda.png","checksum":"6d14808b01c7910e088899cfe949d5e2"},{"path":"\/skin\/binfen\/huangx.png","checksum":"5b73de89caf3ab51a97ba2b8cefe34bf"},{"path":"\/skin\/binfen\/jita.png","checksum":"80efb8feec765808864e6c45b3cc6d0b"},{"path":"\/skin\/binfen\/lan.png","checksum":"b0264670bfd93d4dd11b25d75a5ff7e4"},{"path":"\/skin\/binfen\/lanshan.png","checksum":"946a59866aa7ad0add261671f8c0cab0"},{"path":"\/skin\/binfen\/lv.png","checksum":"e95bcce4ce371308628300f12c36d7b4"},{"path":"\/skin\/binfen\/lvda.png","checksum":"26d58b3edd8d2a49f45bae793f4cbffe"},{"path":"\/skin\/binfen\/lvx.png","checksum":"7c09243f811d6ae0a3249c4a5ba3ba08"},{"path":"\/skin\/binfen\/mao1.png","checksum":"eb24df0ceb491de5e2c8be4cdf09b19d"},{"path":"\/skin\/binfen\/mao2.png","checksum":"bf6d91965650ce1380c6e2d263fcb4b7"},{"path":"\/skin\/binfen\/mao3.png","checksum":"81b64eb092431eec7194ec4b8820a7ee"},{"path":"\/skin\/binfen\/mao4.png","checksum":"82b665c8131faade42730f4d17435c0e"},{"path":"\/skin\/binfen\/mao6.png","checksum":"a7563a6865ad325a6ff60069e96decf1"},{"path":"\/skin\/binfen\/mao7.png","checksum":"a0ad0eec3daf70f527a75fe6abd22600"},{"path":"\/skin\/binfen\/mao8.png","checksum":"28e2aebf11447cd66000d8437f50eee7"},{"path":"\/skin\/binfen\/quan.png","checksum":"a68cc0ff9018a92e18220123c075f13c"},{"path":"\/skin\/binfen\/san1.png","checksum":"dcde9e93bec6ddd794623218461ff232"},{"path":"\/skin\/binfen\/san2.png","checksum":"565d79e43e9c7dca19e7c608d6373e70"},{"path":"\/skin\/binfen\/san3.png","checksum":"e1fd254b2a95b9f22cfaa37699b8a736"},{"path":"\/skin\/binfen\/san4.png","checksum":"875b0efa81498af8eaae4141dbf36551"},{"path":"\/skin\/binfen\/san5.png","checksum":"83646b229b254420979cbe04072d1346"},{"path":"\/skin\/binfen\/san6.png","checksum":"6165cce5eddf5eb68ce95a9bad2d1b42"},{"path":"\/skin\/binfen\/sunmer.png","checksum":"27d7751ea4f04875bd7f588a41f1f2e8"},{"path":"\/skin\/binfen\/title_bg.png","checksum":"209194df199a552f06e3e42b890eb178"},{"path":"\/skin\/binfen\/tuoxie.png","checksum":"16eae4d2591d1b934d8529882a9c413c"},{"path":"\/skin\/binfen\/xigua.png","checksum":"d71ffedde6d53feb8de242b432dc75fe"},{"path":"\/skin\/binfen\/yanjing.png","checksum":"edfea17b9f97072e86f3ea300f133803"},{"path":"\/skin\/binfen\/yezi.png","checksum":"4210b210c1fbc28d59b3583e405f48df"},{"path":"\/skin\/binfen.html","checksum":"859a2a2fde1b2c364b719ed15395586f"},{"path":"\/skin\/bingxue\/11.jpg","checksum":"c15a50529c02dd1bfef85485ccd6fffe"},{"path":"\/skin\/bingxue\/13.png","checksum":"85a113a4de2e190955a9829266baf355"},{"path":"\/skin\/bingxue\/bingxue.jpg","checksum":"d67f6902c1cbc253870c664c7b746b18"},{"path":"\/skin\/bingxue\/xian1.png","checksum":"22b63f2c3179fb0f590b76dca92ae5ba"},{"path":"\/skin\/bingxue\/xian10.png","checksum":"67e24638775fc2374f7111de785694dc"},{"path":"\/skin\/bingxue\/xian11.png","checksum":"bf4d9bc1ce8eb29abb999a19e2d7cfb7"},{"path":"\/skin\/bingxue\/xian12.png","checksum":"4bec7da12223cf4ca3284c25d6ff8ea3"},{"path":"\/skin\/bingxue\/xian13.png","checksum":"964e5b1c3b8f781fc50d5420de901179"},{"path":"\/skin\/bingxue\/xian14.png","checksum":"84d3d6b77ef9781f430eeb1e3f27e050"},{"path":"\/skin\/bingxue\/xian15.png","checksum":"6fc11523ffd3270e63dfbf6eb8405911"},{"path":"\/skin\/bingxue\/xian16.png","checksum":"c7297cafc20c295df1868de80b8763a7"},{"path":"\/skin\/bingxue\/xian17.png","checksum":"9bd742cb1790ed35c63850f50df885f8"},{"path":"\/skin\/bingxue\/xian18.png","checksum":"5b403b0f5aec24bbe3a048acd6bd870f"},{"path":"\/skin\/bingxue\/xian19.png","checksum":"1dc8072397e9708205f72f8e448874a5"},{"path":"\/skin\/bingxue\/xian2.png","checksum":"35dcd14c59f98234a368dfbb0937a804"},{"path":"\/skin\/bingxue\/xian20.png","checksum":"b03b700ee360a16663db8318ef46ff19"},{"path":"\/skin\/bingxue\/xian21.png","checksum":"76faca399e9b569d945a4b1f2a0f0bf9"},{"path":"\/skin\/bingxue\/xian22.png","checksum":"fb986b4bda2a0d5f590ef55a9ded6bad"},{"path":"\/skin\/bingxue\/xian23.png","checksum":"8e4997f3225dd06cc48db76423e4a04d"},{"path":"\/skin\/bingxue\/xian24.png","checksum":"87a2ddf8b20417ed8062966ff506dc84"},{"path":"\/skin\/bingxue\/xian25.png","checksum":"420f94dfeec0ba288b46e108d39b49ee"},{"path":"\/skin\/bingxue\/xian26.png","checksum":"5eb483d3fb2d1a082746546948eddade"},{"path":"\/skin\/bingxue\/xian27.png","checksum":"8941c1c233643c4f424766646f13522d"},{"path":"\/skin\/bingxue\/xian28.png","checksum":"8bfdb92a5b4acefbb0dad70d9378b1fa"},{"path":"\/skin\/bingxue\/xian29.png","checksum":"8c0a119f7ab87b747373830d30978aac"},{"path":"\/skin\/bingxue\/xian3.png","checksum":"fb9e271ffca24ddb2445253bb56e192a"},{"path":"\/skin\/bingxue\/xian30.png","checksum":"6419065d6440d557a0a27e2992688297"},{"path":"\/skin\/bingxue\/xian31.png","checksum":"27b0fef83a429b7b56d282d0a3de9cec"},{"path":"\/skin\/bingxue\/xian32.png","checksum":"5ee0d63b87056ec731c980b626b0e072"},{"path":"\/skin\/bingxue\/xian33.png","checksum":"fef82bb75d9a51437ce67a71e93e827d"},{"path":"\/skin\/bingxue\/xian34.png","checksum":"cb804b12321adf1effbabe74add6a602"},{"path":"\/skin\/bingxue\/xian35.png","checksum":"e6d030a4cb5482915df443abcbba21a1"},{"path":"\/skin\/bingxue\/xian36.png","checksum":"f1cf3bcd0581e00625066364916650e3"},{"path":"\/skin\/bingxue\/xian37.png","checksum":"b80134c0018b8601cc308780a814785d"},{"path":"\/skin\/bingxue\/xian38.png","checksum":"580b1d91fec53eb55907fe82d421d758"},{"path":"\/skin\/bingxue\/xian4.png","checksum":"de4ac2b238392e92814af88988994c48"},{"path":"\/skin\/bingxue\/xian5.png","checksum":"c18f7855c01c09c080061200720e69d8"},{"path":"\/skin\/bingxue\/xian6.png","checksum":"207e5eff073d89e0e82893e3e1e9ba64"},{"path":"\/skin\/bingxue\/xian7.png","checksum":"0a16ff2c34b5a2332c5506649fd36a95"},{"path":"\/skin\/bingxue\/xian8.png","checksum":"053ae9f498a918bf55230795a82226f1"},{"path":"\/skin\/bingxue\/xian9.png","checksum":"fa200cb35ed20c0fc5d853d4df9f2dc9"},{"path":"\/skin\/bingxue\/xue1.png","checksum":"d28bad8bd2c57d9116666c9f3c0151f7"},{"path":"\/skin\/bingxue\/xue2.png","checksum":"925e9b50284f5f222de16ab678e99629"},{"path":"\/skin\/bingxue\/xue3.png","checksum":"4940e1b2b867535d40f81dd0c7bbf72f"},{"path":"\/skin\/bingxue\/ying.png","checksum":"aed772e28362b4a0ab03132e8699df67"},{"path":"\/skin\/bingxue.html","checksum":"87fefe29b395e72148fb5e4ccc4d1f5e"},{"path":"\/skin\/chongyang\/bg.png","checksum":"5dd29fed5c6dfa127be3ba417156d7c2"},{"path":"\/skin\/chongyang\/border_v.png","checksum":"23f61ab1e50f45015f95fc237d5845d9"},{"path":"\/skin\/chongyang\/cao.png","checksum":"5f4048cec374f6eecf1683c0bff5008a"},{"path":"\/skin\/chongyang\/chongyang.jpg","checksum":"590feda259fe9e36639844153d29087c"},{"path":"\/skin\/chongyang\/dian.png","checksum":"3a7c7feef5cc157c7ba999435314c3d2"},{"path":"\/skin\/chongyang\/he.png","checksum":"af9d3ac5aa99ad994751afcaf812b34d"},{"path":"\/skin\/chongyang\/laoren.png","checksum":"106bdfb169af539689051c7cb3a98196"},{"path":"\/skin\/chongyang\/lu1.png","checksum":"960dcdc01e5666bfb3e8958db799cb2b"},{"path":"\/skin\/chongyang\/lu2.png","checksum":"35cc9e22bb5204aa0316a618f12dfe4e"},{"path":"\/skin\/chongyang\/lu3.png","checksum":"264245feb187e6ceda40ca650a43c79e"},{"path":"\/skin\/chongyang\/luo.png","checksum":"22b265ddb6a475d5d34e4cb6fd1b7827"},{"path":"\/skin\/chongyang\/niao.png","checksum":"4d2ebd0cf7a4b2aeb7117356c41837e8"},{"path":"\/skin\/chongyang\/shu1.png","checksum":"a215e4ed2a12dd3207441ec7483a5e21"},{"path":"\/skin\/chongyang\/shu2.png","checksum":"1119cae87ce02d45c1afdb708e56a79c"},{"path":"\/skin\/chongyang\/title_bg.png","checksum":"7a8d2c3e108bbec607cb8f2f66d6d79a"},{"path":"\/skin\/chongyang\/yun.png","checksum":"31895dac71171d066799bb75a2348440"},{"path":"\/skin\/chongyang.html","checksum":"2e66cb3b5989df0467cc49c728d37c53"},{"path":"\/skin\/chunfeng\/bg.jpg","checksum":"973fea7eaf39a75bdb7793ab3fe36fe0"},{"path":"\/skin\/chunfeng\/chun1.png","checksum":"a3df27916c832b8a0fe6bc1b462c55aa"},{"path":"\/skin\/chunfeng\/chun2.png","checksum":"f5090a86f279fbfe32328736c9391d93"},{"path":"\/skin\/chunfeng\/chunfeng.jpg","checksum":"239d9a8b46d1fb3ce88be222a31fc702"},{"path":"\/skin\/chunfeng\/dian1.png","checksum":"a640c19c1d3848cf0c3d003937cf5275"},{"path":"\/skin\/chunfeng\/dian2.png","checksum":"9863cc5d625ed234472c8b895ea05a22"},{"path":"\/skin\/chunfeng\/dian3.png","checksum":"f182aea8a06ef7090728c0f89293716d"},{"path":"\/skin\/chunfeng\/feng.png","checksum":"d0f565f97e16abaea59c2e12402b8e61"},{"path":"\/skin\/chunfeng\/hua.png","checksum":"feba60b5634be2ecc48bb428ec535728"},{"path":"\/skin\/chunfeng\/huaban1.png","checksum":"b3466d9b48316ad5b7f02a8b4c631b87"},{"path":"\/skin\/chunfeng\/huaban2.png","checksum":"660149b57f66ae65776005ffc0536048"},{"path":"\/skin\/chunfeng\/kai.png","checksum":"50b27d31111012a1f5055d87cba98ea8"},{"path":"\/skin\/chunfeng\/li.png","checksum":"5c95951c4c66fb45f9cda370a891152c"},{"path":"\/skin\/chunfeng\/msg1_bg.png","checksum":"3e88df9e109cbb142f764c7031f73ab5"},{"path":"\/skin\/chunfeng\/msg2_bg.png","checksum":"c00a2bb3642280da2b2fdb03ef2248ab"},{"path":"\/skin\/chunfeng\/msg3_bg.png","checksum":"a936e1ec51a3b7e51d282ed0f20ff07b"},{"path":"\/skin\/chunfeng\/mu.png","checksum":"0ae74a84cedecfb9cacd58c9a5296039"},{"path":"\/skin\/chunfeng\/qu.png","checksum":"f3c3f1d8d1c3106d76731ba4b809e5e9"},{"path":"\/skin\/chunfeng\/shi.png","checksum":"09a038459c4fb759b108769359d7f21d"},{"path":"\/skin\/chunfeng\/shu1.png","checksum":"32204dbe8085da457d1fa965d4888bc9"},{"path":"\/skin\/chunfeng\/shu2.png","checksum":"47ef08eb343d985de959f82886300793"},{"path":"\/skin\/chunfeng\/shu3.png","checksum":"bd5c06fbb75a45ed58040e00d2d71b6d"},{"path":"\/skin\/chunfeng\/shu4.png","checksum":"a461b442315086b294b245b647261b52"},{"path":"\/skin\/chunfeng\/shu5.png","checksum":"58accc45e00f5d4bdfae3ee802d6ab29"},{"path":"\/skin\/chunfeng\/shu6.png","checksum":"96fafaffabdaee3b68235f4bf03f9655"},{"path":"\/skin\/chunfeng\/ta.png","checksum":"ae96d8f4fc911b8ac24ea1a649e145a5"},{"path":"\/skin\/chunfeng\/title_bg.png","checksum":"2cac658f3b057e6c298d37cc9e56bfbf"},{"path":"\/skin\/chunfeng\/xin.png","checksum":"0c08c6842b6eec9b7ae6b56ebc0f279b"},{"path":"\/skin\/chunfeng\/xing.png","checksum":"0ce7a0722a1140aed57e74f4093d6f60"},{"path":"\/skin\/chunfeng\/yezi1.png","checksum":"c52d136168ec903aa55ff7d934c77a27"},{"path":"\/skin\/chunfeng\/yezi2.png","checksum":"5ae5387d1adf0f3d823acfe3316e1e0b"},{"path":"\/skin\/chunfeng\/you.png","checksum":"83a1e59f97b33af88a1e1a86d263f537"},{"path":"\/skin\/chunfeng\/yu.png","checksum":"fd259a661c9745c7085b11078cc95b23"},{"path":"\/skin\/chunfeng\/zai.png","checksum":"d4bee7bf1b2f3ab987506cc9e5b05e26"},{"path":"\/skin\/chunfeng.html","checksum":"853ff061b9648e6aa6b4e419865cf636"},{"path":"\/skin\/chunguang\/bg.jpg","checksum":"bd6e03a052239c7c786233611157dde9"},{"path":"\/skin\/chunguang\/btm.png","checksum":"8dc37b68f57a500548f24ac103100a4a"},{"path":"\/skin\/chunguang\/chunguang.jpg","checksum":"b4641b6664a04a424a855755015a0c5d"},{"path":"\/skin\/chunguang\/die1.png","checksum":"7dea5ce303a24b74b6a72886db071fed"},{"path":"\/skin\/chunguang\/die2.png","checksum":"7e97e870ab733f999d7284e878f70dc5"},{"path":"\/skin\/chunguang\/guang1.png","checksum":"a53a731c334f05c4cdac549ba93b41ea"},{"path":"\/skin\/chunguang\/guang2.png","checksum":"c22972158de1bbef0803e8fa9abe239d"},{"path":"\/skin\/chunguang\/h_box.png","checksum":"13144e1a87be35c194776c6e9d089282"},{"path":"\/skin\/chunguang\/hua1.png","checksum":"7e8d528f4b5ea155aa4afaf48055dc97"},{"path":"\/skin\/chunguang\/hua10.png","checksum":"c8e13b3e06152e6d59e0ff53f2666487"},{"path":"\/skin\/chunguang\/hua2.png","checksum":"202571fd186442849981fa25bc4f50b3"},{"path":"\/skin\/chunguang\/hua3.png","checksum":"0181b0e16129d70ed0b07c7363fbb0e4"},{"path":"\/skin\/chunguang\/hua4.png","checksum":"85aae317d97b033b3b41fdb50453c978"},{"path":"\/skin\/chunguang\/hua5.png","checksum":"ed67ce4985a31747229327e6541ae90e"},{"path":"\/skin\/chunguang\/hua6.png","checksum":"5ec24223c0ce833c5ee3ec0efc484903"},{"path":"\/skin\/chunguang\/hua7.png","checksum":"0e2d574a29d4fef7164ce7dda61d18d6"},{"path":"\/skin\/chunguang\/hua8.png","checksum":"42d75819f837742139d24ae0bd953d45"},{"path":"\/skin\/chunguang\/hua9.png","checksum":"b192174c6448d99d4e8ef1ec52fd2375"},{"path":"\/skin\/chunguang\/huaban1.png","checksum":"0525c0dd03497bbc7896212fcdcc429b"},{"path":"\/skin\/chunguang\/huaban2.png","checksum":"d43a41d975b7e2b47f45f6c7bc6c36b9"},{"path":"\/skin\/chunguang\/hudie3.png","checksum":"a9aa1dc4d39201df83aa3a7486f25b58"},{"path":"\/skin\/chunguang\/s_box.png","checksum":"3a5344afa342e2c82642a875e9b6bcb9"},{"path":"\/skin\/chunguang\/tiao.png","checksum":"93a6e2164c97a7ec09ce0b1f273f70f1"},{"path":"\/skin\/chunguang\/title_bg.png","checksum":"aba86d9526c2b5daf2be9642ba3c25f1"},{"path":"\/skin\/chunguang\/xing.png","checksum":"bb2b68152687c7aabab78b1d8718182d"},{"path":"\/skin\/chunguang.html","checksum":"6044c994beaeb4333e4f1f2ad112a709"},{"path":"\/skin\/chunjie\/bg.jpg","checksum":"1a17d3a72057536ee42c343bf268c407"},{"path":"\/skin\/chunjie\/chunjie.jpg","checksum":"ad23d341df9465d980c5ace65cc86317"},{"path":"\/skin\/chunjie\/denglong1.png","checksum":"bb16d590f9a9c34c5b8d74ded5b08d9c"},{"path":"\/skin\/chunjie\/denglong2.png","checksum":"8bc9316999c3ab02b37710333f5fad9b"},{"path":"\/skin\/chunjie\/denglong3.png","checksum":"c6877c43a588aa887f3a9052356cdf8c"},{"path":"\/skin\/chunjie\/denglong4.png","checksum":"2f22876106ee049c3ed15c5abaaa90a1"},{"path":"\/skin\/chunjie\/gou1.png","checksum":"f761b45018a24a0d61141808d2d06ea1"},{"path":"\/skin\/chunjie\/gou2.png","checksum":"d061a4cc0f7842bd0ca841f497a28329"},{"path":"\/skin\/chunjie\/title_bg.png","checksum":"7bb256a540f93d8bf1c590fa120a256f"},{"path":"\/skin\/chunjie\/title_left.png","checksum":"fad813b85a8cb3cc7dd7c2b4e321b351"},{"path":"\/skin\/chunjie\/title_right.png","checksum":"1b2ca06e65909da5447601ffb6dc5816"},{"path":"\/skin\/chunjie\/yuan1.png","checksum":"103dcc3242aaa0048b2a3a499cdd06c3"},{"path":"\/skin\/chunjie\/yuan2.png","checksum":"f771b9a886ca93701c5d3d9d305b411b"},{"path":"\/skin\/chunjie\/yuan3.png","checksum":"83e18b8842cdd1c71d860886e0d83eb4"},{"path":"\/skin\/chunjie\/yuan4.png","checksum":"65cf7aafbc9da1b6abd68dc6a1d6f31e"},{"path":"\/skin\/chunjie.html","checksum":"f3464f9936d8e67888abad36fa2e0d1e"},{"path":"\/skin\/chuntian\/bg.jpg","checksum":"ce8d0a95f90f80e418c4f797b38a7299"},{"path":"\/skin\/chuntian\/bg4_top.png","checksum":"0683834e71be24e7ba318f912d738b9e"},{"path":"\/skin\/chuntian\/chuntian.jpg","checksum":"ce6b8d44ae11090affd56b92eadc0ef9"},{"path":"\/skin\/chuntian\/guangdian.png","checksum":"bbde1f94591138c9e292d9106af10f8d"},{"path":"\/skin\/chuntian\/huaban1.png","checksum":"a8a98782491aaad7d8f727d0160c43d8"},{"path":"\/skin\/chuntian\/huaban2.png","checksum":"16e283f1b6e1d584072bc443e056ca42"},{"path":"\/skin\/chuntian\/huaban3.png","checksum":"713ff0930b469d4f5b5ef2b08bf92843"},{"path":"\/skin\/chuntian\/kuang.png","checksum":"83697da1a5b439ad183a1dbc94830c94"},{"path":"\/skin\/chuntian\/taohua01.png","checksum":"eeb1bd9c749afcb87300534047e68391"},{"path":"\/skin\/chuntian\/taohua02.png","checksum":"d2b5ace576a672731c72a1b2f5167f0c"},{"path":"\/skin\/chuntian\/titlebg.png","checksum":"056e8a84daa9eb3841f824fcc97b159b"},{"path":"\/skin\/chuntian.html","checksum":"60c586d2455735084fe80c820efb3711"},{"path":"\/skin\/datu\/datu.jpg","checksum":"8d7f8eedfad656e0c9255d41f8fb2434"},{"path":"\/skin\/datu\/jiang.png","checksum":"6a124167d1bbacb3bca974c9d14f3112"},{"path":"\/skin\/datu\/jiang1.png","checksum":"61f52560402a4522ba4ab5b6d487c6b2"},{"path":"\/skin\/datu\/jiang2.png","checksum":"3c265294857c90463ec9eabf47d79c7c"},{"path":"\/skin\/datu.html","checksum":"0c5492983254aaa8565586913dc5e6bc"},{"path":"\/skin\/dongri.html","checksum":"223adbc8a17b4e1410cd08a1161be188"},{"path":"\/skin\/fengche.html","checksum":"fb767e5ba44ae319b3483deff7e1f23a"},{"path":"\/skin\/foot.html","checksum":"d2c5d575aaa8c8832ba92857e24d0721"},{"path":"\/skin\/footbak.html","checksum":"c2cb1e75a5fb2e916ff46a1ee39b8c60"},{"path":"\/skin\/footno.html","checksum":"4f65ab9027c4614103f567d6df848129"},{"path":"\/skin\/ganen2.html","checksum":"36c3a9bdd426753f674b0ca6fef321d6"},{"path":"\/skin\/green.html","checksum":"10ae8d8fb7dcebedf625beea4ab86ca3"},{"path":"\/skin\/guoqing.html","checksum":"d5d2180f4b7b1d010509d012e8f01865"},{"path":"\/skin\/guoqing2.html","checksum":"11abfbcc232c13f608affb93f4e74287"},{"path":"\/skin\/guyun.html","checksum":"5649ea20c527abf9a6a1c822ab55c5dc"},{"path":"\/skin\/haiyang.html","checksum":"580b38cb82ed9458075e92eb17538baf"},{"path":"\/skin\/header.html","checksum":"d57452e1bbf54e66059be2831c4fe8e0"},{"path":"\/skin\/hetang.html","checksum":"31848fa8de396852de887cb82aea7afb"},{"path":"\/skin\/hua.html","checksum":"b19dee60442fe9ec871185dd15127ab4"},{"path":"\/skin\/hualuo.html","checksum":"aa31a04ac33d719d47ed9b7a429c251a"},{"path":"\/skin\/huanyou.html","checksum":"23bb304ee7dddec9580aa236bc7a5fb0"},{"path":"\/skin\/laodong.html","checksum":"0bbe6da8cad89430fc40b74f80b91a75"},{"path":"\/skin\/liming.html","checksum":"0d29859056964d5534159e69106319c7"},{"path":"\/skin\/lvxing.html","checksum":"b8c57ac517790e97b97cc5d9539ce98c"},{"path":"\/skin\/moshang.html","checksum":"2b9576d481864544890850d6197e846d"},{"path":"\/skin\/muqin1.html","checksum":"05c44989b019c01fc4efde03ae868d0c"},{"path":"\/skin\/muqin2.html","checksum":"c6630f81883c13bd9c873b8ffba1e58a"},{"path":"\/skin\/qiangwei.html","checksum":"5e09c0bc6f0350fc1a2dcd19e4655bc6"},{"path":"\/skin\/qingchun.html","checksum":"f6f1feeb7fbe80168861207074a88faf"},{"path":"\/skin\/qingfeng.html","checksum":"a8f45ea6df8430c142b39bcdbfd6092b"},{"path":"\/skin\/qiqiu.html","checksum":"fde35ee7d8027db2820c805cbea090f1"},{"path":"\/skin\/qiusi.html","checksum":"fa41227dac7f51f1b14f65eab347810c"},{"path":"\/skin\/qiutian\/bg.jpg","checksum":"dca69f1a1b056e304602962627a38d90"},{"path":"\/skin\/qiutian\/bg2.jpg","checksum":"c45a564914433edeaaecdae93de560a3"},{"path":"\/skin\/qiutian\/bg3.jpg","checksum":"c059ef1da84874a7b57e2a0805c0bf4b"},{"path":"\/skin\/qiutian\/bg3_bian.png","checksum":"b33c93b5ed939da232fde20e74828b6f"},{"path":"\/skin\/qiutian\/fengye.png","checksum":"f0715cb762b9fa89f283a741bf6dcb5d"},{"path":"\/skin\/qiutian\/fengye3.png","checksum":"9350e43c803d3fd94d5f6b03ad386ca1"},{"path":"\/skin\/qiutian\/fengye4.png","checksum":"7191a8c37319495aae0f2a910a5523c6"},{"path":"\/skin\/qiutian\/fengye5.png","checksum":"d52b8ea86b4cb22b943ddebb570115ee"},{"path":"\/skin\/qiutian\/fengzheng.png","checksum":"bdd48eae5db6762e08050482acff0611"},{"path":"\/skin\/qiutian\/guo.png","checksum":"9cee46addb74d6a623ba11d214fb49e0"},{"path":"\/skin\/qiutian\/huli.png","checksum":"a8a544b0164d1580462cb1d540483cbe"},{"path":"\/skin\/qiutian\/jinqiu.png","checksum":"676e485e331bf4bd209bad37a0232218"},{"path":"\/skin\/qiutian\/niao.png","checksum":"37c957e3acae2f7bba1f789e9f0a5de5"},{"path":"\/skin\/qiutian\/page_box_h.png","checksum":"e76659692c260f709c7d8ab5c58a8a8b"},{"path":"\/skin\/qiutian\/page_box_v.png","checksum":"0c6cdf5dbe33df92ac272c894ec765ac"},{"path":"\/skin\/qiutian\/qiqiu.png","checksum":"bf9922a6790c596df61d9bbe0b526bca"},{"path":"\/skin\/qiutian\/qiu.png","checksum":"9815ec2a269b28d3b275be3e6e5ccb0f"},{"path":"\/skin\/qiutian\/qiutian.jpg","checksum":"f6118c2ccda08057bc860ea865aac9bc"},{"path":"\/skin\/qiutian\/shan.png","checksum":"d2ad86df428f8372aad3fac288a083b5"},{"path":"\/skin\/qiutian\/shuzhi1.png","checksum":"cd26e34582da5f422b9ddd80601160ed"},{"path":"\/skin\/qiutian\/shuzhi2.png","checksum":"9a3bf0a8558dbe595f51f39c6e8ae8e9"},{"path":"\/skin\/qiutian\/titie_bg.png","checksum":"a78698c0f8f76f2bc21a3d261190b7f5"},{"path":"\/skin\/qiutian\/word1.png","checksum":"8bd4d09f52d2efe66fbb1fdca64c5bfa"},{"path":"\/skin\/qiutian\/word2.png","checksum":"106ec68d5519e926cacb2ecdfeea505f"},{"path":"\/skin\/qiutian\/word4.png","checksum":"0b15778f2ad35db9d269691b5db57b02"},{"path":"\/skin\/qiutian\/yezi.png","checksum":"d8a8609cfe04d383b9fada65e9b01ca9"},{"path":"\/skin\/qiutian.html","checksum":"bb407f06d6dbed086d6ff60863597991"},{"path":"\/skin\/qiutian1\/bg.jpg","checksum":"a16f78e27ac2471e10bee3178e1568f9"},{"path":"\/skin\/qiutian1\/cao1.png","checksum":"42e386eeccc255a9e155b4f4272c58e1"},{"path":"\/skin\/qiutian1\/cao2.png","checksum":"59d5ca88130f641a2cb5c443dfe00a2c"},{"path":"\/skin\/qiutian1\/daocaoren.png","checksum":"8733c7e4deb30cb1c18b29bcb32a58e6"},{"path":"\/skin\/qiutian1\/dayanshen.png","checksum":"388efa01ce89491145eb3e68ecb16bc2"},{"path":"\/skin\/qiutian1\/fang.png","checksum":"d3d48e26d1d4465d2bdb4893332ce58a"},{"path":"\/skin\/qiutian1\/feng.png","checksum":"1e83bd189fe5ab0dd2b2f903dbb2a93b"},{"path":"\/skin\/qiutian1\/fengche.png","checksum":"34ecd0d0e85ab4015ada0fb3a9882628"},{"path":"\/skin\/qiutian1\/fengye.png","checksum":"01939282acdda78f10d53d325a827023"},{"path":"\/skin\/qiutian1\/fugy.png","checksum":"dd7644d1df31034ec54f069161ca18ba"},{"path":"\/skin\/qiutian1\/hua.png","checksum":"67e978608a51243f3cbe42af0e8da222"},{"path":"\/skin\/qiutian1\/ji.png","checksum":"dc5a19c861a8afe73558b9ea0ed967cd"},{"path":"\/skin\/qiutian1\/jianguo.png","checksum":"bc25de0a0d2dac143b0a7def26cc2fdc"},{"path":"\/skin\/qiutian1\/jin.png","checksum":"2e6c661a655576b6e1f2dbd7c2bef741"},{"path":"\/skin\/qiutian1\/li.png","checksum":"8f3fa6a03f5c09ccd8436a03bc22ef54"},{"path":"\/skin\/qiutian1\/luoye006.png","checksum":"f67340b4389753d050a75e57b18f818f"},{"path":"\/skin\/qiutian1\/luoye007.png","checksum":"6d2fa17ca256696de16197f96309c8ce"},{"path":"\/skin\/qiutian1\/luoye01.png","checksum":"f087bbd7c25687030efce350c912b668"},{"path":"\/skin\/qiutian1\/luoye06.png","checksum":"d108d3f6a6fae8aff86d494db1ded2ca"},{"path":"\/skin\/qiutian1\/nvhai.png","checksum":"6fb0fb707b62abad3009915dc300bf06"},{"path":"\/skin\/qiutian1\/qiu1.png","checksum":"b99e3ac8b778dfb3b994c3cdaeaa1cb6"},{"path":"\/skin\/qiutian1\/qiu2.png","checksum":"318ee743a5630880426c16703b4b71cc"},{"path":"\/skin\/qiutian1\/qiutian1.jpg","checksum":"668a0bf4ac636e8ec85662bf8b7dae36"},{"path":"\/skin\/qiutian1\/ran.png","checksum":"d51749124843066dead41a680456c703"},{"path":"\/skin\/qiutian1\/ru.png","checksum":"ff31fb58e258a3d2ae70be01716536e9"},{"path":"\/skin\/qiutian1\/se.png","checksum":"5f680067799dc730b858f412dd8f4052"},{"path":"\/skin\/qiutian1\/shou.png","checksum":"2731eaad2a2741eebd4d381afcfbea37"},{"path":"\/skin\/qiutian1\/shu1.png","checksum":"44718a51bab58364d3ea9bd79e8d1040"},{"path":"\/skin\/qiutian1\/shu2.png","checksum":"76d41aa0c5454aa1572dfda018a390af"},{"path":"\/skin\/qiutian1\/shu3.png","checksum":"7aaeb9bedfdeadaf93443b4d6d6403d0"},{"path":"\/skin\/qiutian1\/shu31.png","checksum":"b909c3f4496248c8e18447d85101546f"},{"path":"\/skin\/qiutian1\/shu32.png","checksum":"8a0a954e807dcca1e6a961c9be93b942"},{"path":"\/skin\/qiutian1\/shu36.png","checksum":"5e5392bba1172f132b9489edd8be0c32"},{"path":"\/skin\/qiutian1\/shu37.png","checksum":"f5027ddc19394b369eda2d7a9819ab20"},{"path":"\/skin\/qiutian1\/shu38.png","checksum":"7d4182471e5f9fc9be5abe4eb103f656"},{"path":"\/skin\/qiutian1\/shu42.png","checksum":"7a3575541e916f25f12282d9dc5a8d3d"},{"path":"\/skin\/qiutian1\/shu5.png","checksum":"423105277f3a6053469a5a6dbfc624d7"},{"path":"\/skin\/qiutian1\/title_bg.png","checksum":"bb5f5c865ead6e4976970bf127dfe3e6"},{"path":"\/skin\/qiutian1\/wan.png","checksum":"523e4474e7491033c0cfb52b17c528e2"},{"path":"\/skin\/qiutian1\/xiao1.png","checksum":"6353d1935a1cc5e065c99427fcd2abb5"},{"path":"\/skin\/qiutian1\/xiao2.png","checksum":"7885dca75311b2689b36dde6ee330e14"},{"path":"\/skin\/qiutian1\/yan.png","checksum":"6f95581658ce310a312cb0f8e526c2d2"},{"path":"\/skin\/qiutian1\/yanchi01.png","checksum":"45c30ecdd33ffa4b1cbcc5bbdb13455c"},{"path":"\/skin\/qiutian1\/yanchi02.png","checksum":"f6c3778b9c8ed75405994ac68c817847"},{"path":"\/skin\/qiutian1\/ye.png","checksum":"f80251eea716208caec3459bb722eb5a"},{"path":"\/skin\/qiutian1\/ye2.png","checksum":"ece7d3c1dcdf5b07148ac91cca8f9546"},{"path":"\/skin\/qiutian1\/yezi1.png","checksum":"8d37a3b645fd40a3a92730d50eac05bc"},{"path":"\/skin\/qiutian1\/yezi2.png","checksum":"6f711a990eff6987412bc8cd336c4122"},{"path":"\/skin\/qiutian1\/yu.png","checksum":"518360b59850d553e71eca2aaea41ad7"},{"path":"\/skin\/qiutian1\/zhi.png","checksum":"239059432ef5038bb054a5848eaca3ab"},{"path":"\/skin\/qiutian1.html","checksum":"d0be15d3859f9c565674427f4863bc89"},{"path":"\/skin\/rose\/bg.jpg","checksum":"178e12add6597140691ba42bb7927fa6"},{"path":"\/skin\/rose\/dian.png","checksum":"141627c25f1efab5795b6235b117e744"},{"path":"\/skin\/rose\/dian02.png","checksum":"50bafe3b0c5d2f1e2c5c20e23e95d171"},{"path":"\/skin\/rose\/g.png","checksum":"5f6841181e871d022f6fd1b2928b71b8"},{"path":"\/skin\/rose\/meigui.png","checksum":"47fca98796601e014c0e9af753c1da78"},{"path":"\/skin\/rose\/meigui2.png","checksum":"28c77754d021c9ef13b722235d3346d8"},{"path":"\/skin\/rose\/pot.png","checksum":"7dd36269329a7af71df0865aa0607c8c"},{"path":"\/skin\/rose\/rose.jpg","checksum":"05e7bd403cf69195d3084000c31b12fa"},{"path":"\/skin\/rose\/up.png","checksum":"8fa1aa8b7428b24739d57dede12f06c4"},{"path":"\/skin\/rose\/wenzidi.png","checksum":"513929831706fa8559a7612870a41d4e"},{"path":"\/skin\/rose\/xin.png","checksum":"68cf556a9a83a2dc3d7abb894a1e0b93"},{"path":"\/skin\/rose\/xin01.png","checksum":"6d7eebbe40693e3448976986d1bb7c70"},{"path":"\/skin\/rose\/xin02.png","checksum":"9269bd5a9b9b631ad31ef1681bba6030"},{"path":"\/skin\/rose\/xin03.png","checksum":"66a341f76e26661e0571c859ce63e5ce"},{"path":"\/skin\/rose\/yezi01.png","checksum":"c14a48cc578a5f96b78cb6c354f20639"},{"path":"\/skin\/rose\/yezi02.png","checksum":"b803e34c348a069a1fedb9527181a76a"},{"path":"\/skin\/rose.html","checksum":"9271a3dde6bb6d8f6334d5df0c086060"},{"path":"\/skin\/senlin.html","checksum":"fa3324acacd43d66f82557bf28d2e8bc"},{"path":"\/skin\/shengdan1.html","checksum":"1de86afec74f3c85f6c6d14fa6741b1f"},{"path":"\/skin\/shengdan2.html","checksum":"80716ad518195d4553745f091d18aa36"},{"path":"\/skin\/shengri.html","checksum":"5b12e0f32cd8c97cfb5c0d1de7503b53"},{"path":"\/skin\/shiguang.html","checksum":"8247cf0613430a93add683706057bc19"},{"path":"\/skin\/summer.html","checksum":"175524f16e448a6b4ea7d62305f8cce3"},{"path":"\/skin\/taohua.html","checksum":"967c9b427a8c240b144e7de4d39d5a27"},{"path":"\/skin\/xialiang.html","checksum":"f1c4c3f53ea048be529f67aa10f9c85a"},{"path":"\/skin\/xiangyue.html","checksum":"75a2b4b11113ec4bbba7395f0ab46982"},{"path":"\/skin\/xiaoxue.html","checksum":"3e9266c0d4a6c900a519d8a35634e175"},{"path":"\/skin\/xinnian.html","checksum":"688e563a0c0b27c0aa9bfe4aa2834e41"},{"path":"\/skin\/xinshuo.html","checksum":"4ceee775c677844ce14f3ceeaa2bd783"},{"path":"\/skin\/yisheng.html","checksum":"aa20e21cdb87d6b9fd02e42dc12b4046"},{"path":"\/skin\/yunyan.html","checksum":"42920e2f6e7e1a7eba927649b4aaf8ee"},{"path":"\/skin\/zhaoxi.html","checksum":"3ff49183d299040ea7e46274d18dcf5d"},{"path":"\/skin\/zhongqiu1.html","checksum":"3f17990e02f983880362c887687b6823"},{"path":"\/skin\/zhongqiu2.html","checksum":"e8410fc0c86c7dfba78418607c02fccc"},{"path":"\/skin\/zhongqiu3.html","checksum":"c42a53fac5cf9d4fb0749316a5bc0dda"},{"path":"\/skin\/zhongqiu4.html","checksum":"e2e42510081bfba4ba1aac9e0fb69892"},{"path":"\/skin\/ziyou\/01.png","checksum":"bf6c3cde2a3295010def21c579b824f7"},{"path":"\/skin\/ziyou\/02.png","checksum":"d10b5a1abd8d862856130cbe8cda8c3d"},{"path":"\/skin\/ziyou\/03.png","checksum":"1272a13a77f56480bce7ebcc48f33371"},{"path":"\/skin\/ziyou\/04.png","checksum":"8881c33627f434a1fae946ee21edf216"},{"path":"\/skin\/ziyou\/bg.jpg","checksum":"ec2a7430837f3dfba92aa20866a607fe"},{"path":"\/skin\/ziyou\/title.png","checksum":"7dfce390cee6ede49b2dcedb9d8c86b3"},{"path":"\/skin\/ziyou\/ziyou.jpg","checksum":"dfa9518ac86d7783f0ea4ba90aef9687"},{"path":"\/skin\/ziyou.html","checksum":"41d43423406d9c35cca4190d77c1f782"},{"path":"\/style\/component\/font-awesome-4.7.0\/css\/font-awesome.min.css","checksum":"71a3f91500efb519c4cbf6113f0d6b5b"},{"path":"\/style\/component\/font-awesome-4.7.0\/fonts\/fontawesome-webfont.ttf","checksum":"b06871f281fee6b241d60582ae9369b9"},{"path":"\/style\/component\/layer\/layer.js","checksum":"d23ad298a090756ed9204bbca2a7c1e3"},{"path":"\/style\/component\/layer\/mobile\/layer.js","checksum":"2028e407c22ee7a12b05a35ee9c71882"},{"path":"\/style\/component\/layer\/mobile\/need\/layer.css","checksum":"633915e62d14a714594b95b974ee0836"},{"path":"\/style\/component\/layer\/skin\/default\/icon-ext.png","checksum":"ba81b24c06e2e0eac1e219405b33766b"},{"path":"\/style\/component\/layer\/skin\/default\/icon.png","checksum":"551539f873d9ebe0792b120a9867d399"},{"path":"\/style\/component\/layer\/skin\/default\/layer.css","checksum":"c8cf4dfed2903e1a678e6cf52256e181"},{"path":"\/style\/component\/layer\/skin\/default\/loading-0.gif","checksum":"a72011ccdc2bcd23ba440f104c416193"},{"path":"\/style\/component\/layer\/skin\/default\/loading-1.gif","checksum":"1140bc5c7863f8e54a3c2b179e640758"},{"path":"\/style\/component\/layer\/skin\/default\/loading-2.gif","checksum":"50c5e3e79b276c92df6cc52caeb464f0"},{"path":"\/style\/component\/layui\/css\/layui.css","checksum":"895bff3b9589b57d9c53261a815cc6c4"},{"path":"\/style\/component\/layui\/css\/layui.mobile.css","checksum":"1beb6c254d4ed032b2d4706d9b2b6049"},{"path":"\/style\/component\/layui\/css\/modules\/code.css","checksum":"7b6a1f57965ba94b9a0bd38fb0da711a"},{"path":"\/style\/component\/layui\/css\/modules\/laydate\/icon.png","checksum":"028b8c2123138747b114ae1e8fa36bd9"},{"path":"\/style\/component\/layui\/css\/modules\/laydate\/laydate.css","checksum":"f0aec00bf4b6f5f1e7d8a0e60ddb678a"},{"path":"\/style\/component\/layui\/css\/modules\/layer\/default\/icon-ext.png","checksum":"ba81b24c06e2e0eac1e219405b33766b"},{"path":"\/style\/component\/layui\/css\/modules\/layer\/default\/icon.png","checksum":"551539f873d9ebe0792b120a9867d399"},{"path":"\/style\/component\/layui\/css\/modules\/layer\/default\/layer.css","checksum":"f9bb1c1800b07ce9d557bb9f3e74451b"},{"path":"\/style\/component\/layui\/css\/modules\/layer\/default\/loading-0.gif","checksum":"a72011ccdc2bcd23ba440f104c416193"},{"path":"\/style\/component\/layui\/css\/modules\/layer\/default\/loading-1.gif","checksum":"1140bc5c7863f8e54a3c2b179e640758"},{"path":"\/style\/component\/layui\/css\/modules\/layer\/default\/loading-2.gif","checksum":"50c5e3e79b276c92df6cc52caeb464f0"},{"path":"\/style\/component\/layui\/font\/iconfont.eot","checksum":"4e41f743e58aeee3cf63759656cfaaab"},{"path":"\/style\/component\/layui\/font\/iconfont.svg","checksum":"da77e84fe1e029471f540f355bc81d88"},{"path":"\/style\/component\/layui\/font\/iconfont.ttf","checksum":"114a2738acbaeef5f25fd5319ae2eea4"},{"path":"\/style\/component\/layui\/font\/iconfont.woff","checksum":"499f71c633c74d809a1d99709919484c"},{"path":"\/style\/component\/layui\/images\/face\/0.gif","checksum":"a06a2e3ed6da3796fbb731367d039a0a"},{"path":"\/style\/component\/layui\/images\/face\/1.gif","checksum":"913e2f3dd1962d2a80b4ae66ddddceb3"},{"path":"\/style\/component\/layui\/images\/face\/10.gif","checksum":"611117291370fea2ceac62c29e3895bd"},{"path":"\/style\/component\/layui\/images\/face\/11.gif","checksum":"199be3fbe9ed7e5191c8635e05bcc0e9"},{"path":"\/style\/component\/layui\/images\/face\/12.gif","checksum":"7621ac2727678687a5318762f580142e"},{"path":"\/style\/component\/layui\/images\/face\/13.gif","checksum":"8621f66098b5c352706832525ca98430"},{"path":"\/style\/component\/layui\/images\/face\/14.gif","checksum":"c30514bf7d87214840be9409e0543aa9"},{"path":"\/style\/component\/layui\/images\/face\/15.gif","checksum":"485a20018f6fd278510c2953697ba65c"},{"path":"\/style\/component\/layui\/images\/face\/16.gif","checksum":"3d4ee858ebba0e46a7850e13185b7c9b"},{"path":"\/style\/component\/layui\/images\/face\/17.gif","checksum":"1e345b472299bbc72d854fea14377b19"},{"path":"\/style\/component\/layui\/images\/face\/18.gif","checksum":"f81ed31a2829c0609354f25e1da62006"},{"path":"\/style\/component\/layui\/images\/face\/19.gif","checksum":"fa7da45a4cf11818476a64b11972beba"},{"path":"\/style\/component\/layui\/images\/face\/2.gif","checksum":"aec972de4da971327e4452c5b4b5fda1"},{"path":"\/style\/component\/layui\/images\/face\/20.gif","checksum":"435dbb7f69e76dbe51c64d0208478bd5"},{"path":"\/style\/component\/layui\/images\/face\/21.gif","checksum":"21ed3c01c99c75162cc7d5c09e557468"},{"path":"\/style\/component\/layui\/images\/face\/22.gif","checksum":"7873504cf41c6bf81dc385e7a63e06c2"},{"path":"\/style\/component\/layui\/images\/face\/23.gif","checksum":"84b3bd065735379c7ebf902bd356eb24"},{"path":"\/style\/component\/layui\/images\/face\/24.gif","checksum":"9044159f1635cce276f79f2750e44bab"},{"path":"\/style\/component\/layui\/images\/face\/25.gif","checksum":"55ff58341b23eb412186f8e89963f3ed"},{"path":"\/style\/component\/layui\/images\/face\/26.gif","checksum":"7e64a36433e1f756dafc74093e71c678"},{"path":"\/style\/component\/layui\/images\/face\/27.gif","checksum":"4e10558193648444470bb9a1dd7007da"},{"path":"\/style\/component\/layui\/images\/face\/28.gif","checksum":"ed40b41d05a3020271be545a607d6d78"},{"path":"\/style\/component\/layui\/images\/face\/29.gif","checksum":"4fb6439d891b34c4936ae34a79725b59"},{"path":"\/style\/component\/layui\/images\/face\/3.gif","checksum":"bf97be0b15ace15dedf22f266a5c429c"},{"path":"\/style\/component\/layui\/images\/face\/30.gif","checksum":"0b7ff8f1bbb91be880ef190767774c78"},{"path":"\/style\/component\/layui\/images\/face\/31.gif","checksum":"dcc636d88b53e73852db566a4d9d2f20"},{"path":"\/style\/component\/layui\/images\/face\/32.gif","checksum":"8d9e9cc9b52ca46e854480fa4900158e"},{"path":"\/style\/component\/layui\/images\/face\/33.gif","checksum":"2f9e45312f49e02f32ce853db930295f"},{"path":"\/style\/component\/layui\/images\/face\/34.gif","checksum":"f81a7f4f93f254d58c0e943a07d2cc0b"},{"path":"\/style\/component\/layui\/images\/face\/35.gif","checksum":"cc8ff0383ce624c0721682aaa500b672"},{"path":"\/style\/component\/layui\/images\/face\/36.gif","checksum":"645be9a08ae4d8aac61e6b5fb47215e5"},{"path":"\/style\/component\/layui\/images\/face\/37.gif","checksum":"4c9e106e702751cb61861778269e2b26"},{"path":"\/style\/component\/layui\/images\/face\/38.gif","checksum":"15bd343617ec5ea02eedfdfe575c656c"},{"path":"\/style\/component\/layui\/images\/face\/39.gif","checksum":"edfe69e1b1f20cfa8110d9e9d2536c68"},{"path":"\/style\/component\/layui\/images\/face\/4.gif","checksum":"4d2933c0445dc04bdaaad41f2b557137"},{"path":"\/style\/component\/layui\/images\/face\/40.gif","checksum":"c94db1a006caf85ccb8a194335ce5621"},{"path":"\/style\/component\/layui\/images\/face\/41.gif","checksum":"55565f0156566feef1e329177f6d83f1"},{"path":"\/style\/component\/layui\/images\/face\/42.gif","checksum":"f24d53dee3bd1050b26d6d7cd5bca68d"},{"path":"\/style\/component\/layui\/images\/face\/43.gif","checksum":"599c45d8a2832cc01617fb42091993df"},{"path":"\/style\/component\/layui\/images\/face\/44.gif","checksum":"b0f285b595f10a1277774bf6844da76b"},{"path":"\/style\/component\/layui\/images\/face\/45.gif","checksum":"d17783318c1587204b6155c2fa9986fe"},{"path":"\/style\/component\/layui\/images\/face\/46.gif","checksum":"b72ecabbadc13888d4775ec53c9150f8"},{"path":"\/style\/component\/layui\/images\/face\/47.gif","checksum":"8ede6bd1d173ddeb6f3f4b241c8f3513"},{"path":"\/style\/component\/layui\/images\/face\/48.gif","checksum":"2a4c6936a09b0219d1c74f0167577b30"},{"path":"\/style\/component\/layui\/images\/face\/49.gif","checksum":"21069e4a6b8a4f6a0af40c87a168f321"},{"path":"\/style\/component\/layui\/images\/face\/5.gif","checksum":"8ae6b6ec8d2941a6adaee9555839e81c"},{"path":"\/style\/component\/layui\/images\/face\/50.gif","checksum":"96664d71d30c946747bcc651d085ed7a"},{"path":"\/style\/component\/layui\/images\/face\/51.gif","checksum":"c6c1e6c64c16d3747e251200e014f219"},{"path":"\/style\/component\/layui\/images\/face\/52.gif","checksum":"ff4d93b3615d5d975f0b6786670b702f"},{"path":"\/style\/component\/layui\/images\/face\/53.gif","checksum":"bc06dab3c63c4e2300c5cd4524819370"},{"path":"\/style\/component\/layui\/images\/face\/54.gif","checksum":"aff05197849e8c8f55b2d5fe56bb56f7"},{"path":"\/style\/component\/layui\/images\/face\/55.gif","checksum":"d7bdca562fd0b53f816eedb23148e158"},{"path":"\/style\/component\/layui\/images\/face\/56.gif","checksum":"8c6f0b4cdd0fa9d68205bab3d8df29e4"},{"path":"\/style\/component\/layui\/images\/face\/57.gif","checksum":"e37c81739515617cf5bc51232ad873b7"},{"path":"\/style\/component\/layui\/images\/face\/58.gif","checksum":"89d291439d6eae4b2db6746e589f6134"},{"path":"\/style\/component\/layui\/images\/face\/59.gif","checksum":"1cb4f698dd69602dd6f6eff121663a17"},{"path":"\/style\/component\/layui\/images\/face\/6.gif","checksum":"9946d6232e406ba2c10b60221c5b698b"},{"path":"\/style\/component\/layui\/images\/face\/60.gif","checksum":"71712fa565d89315b6ef2a45b3d581b5"},{"path":"\/style\/component\/layui\/images\/face\/61.gif","checksum":"4bde9630ca80c61063813274729af4ba"},{"path":"\/style\/component\/layui\/images\/face\/62.gif","checksum":"c0ed0920ba0d752ad77aca762050b12d"},{"path":"\/style\/component\/layui\/images\/face\/63.gif","checksum":"907b3e81d16afb9df5ef023ede0eddf1"},{"path":"\/style\/component\/layui\/images\/face\/64.gif","checksum":"959bacfef9ac0d3bb275504623c62375"},{"path":"\/style\/component\/layui\/images\/face\/65.gif","checksum":"a27ed9871926a8e37c522f6c1542df9a"},{"path":"\/style\/component\/layui\/images\/face\/66.gif","checksum":"02709c83458b72b0c73585297cc291f3"},{"path":"\/style\/component\/layui\/images\/face\/67.gif","checksum":"ab1c7c7a43aa6f43963c7b0afc9ec787"},{"path":"\/style\/component\/layui\/images\/face\/68.gif","checksum":"a1c8f21f98fc6eff21cb3e4d08baee2b"},{"path":"\/style\/component\/layui\/images\/face\/69.gif","checksum":"877ff95213ae5c45721761c540810053"},{"path":"\/style\/component\/layui\/images\/face\/7.gif","checksum":"3880bad4694b3ef38e2e58be68b875ef"},{"path":"\/style\/component\/layui\/images\/face\/70.gif","checksum":"b7f69e6df691b1c885f541ec604c59df"},{"path":"\/style\/component\/layui\/images\/face\/71.gif","checksum":"55a42691f8560bf2fbfed7c19389e4cf"},{"path":"\/style\/component\/layui\/images\/face\/8.gif","checksum":"8bfcb8fe88a3b666b5460743fb2cdc49"},{"path":"\/style\/component\/layui\/images\/face\/9.gif","checksum":"92bf7127158347196c4f9aef0d0ab301"},{"path":"\/style\/component\/layui\/lay\/dest\/layui.all.js","checksum":"5e30323bd93a1e8801b84387630204c8"},{"path":"\/style\/component\/layui\/lay\/modules\/code.js","checksum":"802048c23a338dc41eb174ce38d1d5b9"},{"path":"\/style\/component\/layui\/lay\/modules\/element.js","checksum":"d7e3eb5ddb7ecff2991151c5d0ca388e"},{"path":"\/style\/component\/layui\/lay\/modules\/flow.js","checksum":"91a27291b4895bc1b6e8fdafad46de59"},{"path":"\/style\/component\/layui\/lay\/modules\/form.js","checksum":"d75849b0f226939636b2b2180faf0d9c"},{"path":"\/style\/component\/layui\/lay\/modules\/jquery.js","checksum":"b10b640ece2b010b406464bed525e2d0"},{"path":"\/style\/component\/layui\/lay\/modules\/laydate.js","checksum":"40e52f3ccf096d98387a253bfa67bd1a"},{"path":"\/style\/component\/layui\/lay\/modules\/layedit.js","checksum":"7d77c49eedbe170cd7d05eef274e0c0c"},{"path":"\/style\/component\/layui\/lay\/modules\/layer.js","checksum":"ad8033b4d8befc5f732a628e55fe166e"},{"path":"\/style\/component\/layui\/lay\/modules\/laypage.js","checksum":"a562503739c8382b2b149943cc82803c"},{"path":"\/style\/component\/layui\/lay\/modules\/laytpl.js","checksum":"997b8fc543c115fb250dcba3dd6dca7e"},{"path":"\/style\/component\/layui\/lay\/modules\/mobile.js","checksum":"cad31177dce98a49750ede5da88bc9df"},{"path":"\/style\/component\/layui\/lay\/modules\/tree.js","checksum":"d2ca3bfca4bc25e3f429fb22adef2c47"},{"path":"\/style\/component\/layui\/lay\/modules\/upload.js","checksum":"093d5ad093e0dbbaee9b586228c5c48e"},{"path":"\/style\/component\/layui\/lay\/modules\/util.js","checksum":"31d14d7ccf12d94a826aed06e482b532"},{"path":"\/style\/component\/layui\/layui.js","checksum":"b860b310e9b592cd1dbc4fb5d37b09b7"},{"path":"\/style\/css\/animate.css","checksum":"07f146141537e04ee282a965d8053198"},{"path":"\/style\/css\/default.css","checksum":"05477d252202b0f4233bf2abd096df1b"},{"path":"\/style\/css\/hrui.css","checksum":"1a4e408e9021ff3e7769930f7f6b6d1f"},{"path":"\/style\/images\/11.jpg","checksum":"285423c23a14f7e3631b2deab54263b6"},{"path":"\/style\/images\/12.jpg","checksum":"875461b5ff70712de48bab64e54465cd"},{"path":"\/style\/images\/13.jpg","checksum":"e6cb440fd27f5a9c43e2571291fa67f5"},{"path":"\/style\/images\/hbg.png","checksum":"c64214aa7c2c4f9b6ae8aff9cc584513"},{"path":"\/style\/images\/manage\/icon\/ad.png","checksum":"1856b3438e1f407c3efbb7c5dfa606ca"},{"path":"\/style\/images\/manage\/icon\/app1.png","checksum":"92bd4efa987738659af4da0da6926f68"},{"path":"\/style\/images\/manage\/icon\/cunchu.png","checksum":"95c4ff8934ca6db43f99b54388e08e32"},{"path":"\/style\/images\/manage\/icon\/index.png","checksum":"dbaf389a1cff96b7bd4a7eca49e8aa97"},{"path":"\/style\/images\/manage\/icon\/jubao.png","checksum":"c8f4b0df8195afe2046b0e3c691e8527"},{"path":"\/style\/images\/manage\/icon\/music.png","checksum":"869d3817761752339e3f234e31b17cd7"},{"path":"\/style\/images\/manage\/icon\/photo.png","checksum":"92cdcade9aebf09caf737b98db5601e8"},{"path":"\/style\/images\/manage\/icon\/pic.png","checksum":"cc7e4db3b03aa30803f01741c5442e0b"},{"path":"\/style\/images\/manage\/icon\/pl.png","checksum":"7372600eaf51029674554c1f781e5393"},{"path":"\/style\/images\/manage\/icon\/set.png","checksum":"5c5d8bf6264cab5175d49a487697ad22"},{"path":"\/style\/images\/manage\/icon\/share.png","checksum":"40595fff8c87487315d206816f6d79e7"},{"path":"\/style\/images\/manage\/icon\/update.png","checksum":"3df35aeb19b08693d7040c5efad2a2c4"},{"path":"\/style\/images\/manage\/icon\/user.png","checksum":"ab8fe186a3187dc5fbeb7525633369a1"},{"path":"\/style\/images\/manage\/presentation\/1.png","checksum":"a799d1d38337105aab45a29d3f4159e2"},{"path":"\/style\/images\/manage\/wallpapers\/mobile.jpg","checksum":"23d38c7d89555c740413b320da72a729"},{"path":"\/style\/images\/manage\/wallpapers\/windows.jpg","checksum":"49150f7bfd879fe03a2f7d148a2514de"},{"path":"\/style\/images\/manage\/windows.ico","checksum":"f43b67a42c606084e24475f4a2b52219"},{"path":"\/style\/images\/mask.no-compress.png","checksum":"3a3c83c1887f6bdc39a42b1e2ce9aad5"},{"path":"\/style\/images\/mb.png","checksum":"7a97fdd0221fb865a9bf0ee8334d0bea"},{"path":"\/style\/images\/music_note_big.png","checksum":"a1547b442fa322bddba0f24d206ce494"},{"path":"\/style\/images\/musics.png","checksum":"f618ecee339284925936daa6d4da9f93"},{"path":"\/style\/images\/pic.png","checksum":"484e580dcc00b46e08f13820fbc9ee39"},{"path":"\/style\/images\/pl.png","checksum":"569589433295147a5fe0dcbbfed44615"},{"path":"\/style\/images\/save.png","checksum":"e30ce43059b531f32d41bc1ae72d5933"},{"path":"\/style\/images\/txt.png","checksum":"37adf825515cada0d944e3ae939ef36b"},{"path":"\/style\/images\/xin1.png","checksum":"5756dc7d969477cfb4d32410787a2be4"},{"path":"\/style\/images\/xin2.png","checksum":"e01823dc524ec3a338842e728eb5724f"},{"path":"\/style\/js\/app.js","checksum":"e9ca7dc6d68a66a234168650f588e7ef"},{"path":"\/style\/js\/flexible.js","checksum":"4fe7a54644f3641483849b7f1b561f04"},{"path":"\/style\/js\/hrui.js","checksum":"a478486b0998ee2f3ab48412e3148a0d"},{"path":"\/style\/js\/jquery-2.2.4.min.js","checksum":"6118b1958dfcd17cc17c2c946ba32fc8"},{"path":"\/style\/js\/zepto.min.js","checksum":"1abd55c514bd00abc726cca455f6b4c9"},{"path":"\/template\/addads.html","checksum":"92077b9b80d429cc66cc4e54cf4374b4"},{"path":"\/template\/addapp.html","checksum":"e0634d6ce35a60ce819dda0132447f5e"},{"path":"\/template\/addmob.html","checksum":"324e04e26c4042ae6c19f664aa9bbfaf"},{"path":"\/template\/addmucate.html","checksum":"4f5eeb12c1c85887c3932541c51d5be4"},{"path":"\/template\/addmusic.html","checksum":"422371a4b55caeff5f3cae22e17d2a9a"},{"path":"\/template\/addreviewpic.html","checksum":"403758abed763185f1154fc7b07c0ea7"},{"path":"\/template\/ads.html","checksum":"da5aac1d5f0b0cd539dc46ce1acb0222"},{"path":"\/template\/app.html","checksum":"0cbfe53da51de39fed4d046f8d2722af"},{"path":"\/template\/costdata.html","checksum":"b676b4a7a15f636ef35fa57d269b6f64"},{"path":"\/template\/deluserlist.html","checksum":"aaf2a1627644c5e72ad14e5eabb2e549"},{"path":"\/template\/downskin.html","checksum":"a5b07d40c19e7821ee505105bdea3933"},{"path":"\/template\/editaddmob.html","checksum":"233f3b06d7386c7105ca895d12dad20f"},{"path":"\/template\/editindex.html","checksum":"746d9d5915abf68722939ab8417b49aa"},{"path":"\/template\/editmucate.html","checksum":"61a2fb2ab24cfcf86baf17dcdfa6de7e"},{"path":"\/template\/editskin.html","checksum":"d8a74de0d3e8f3e996936b09f11ab95f"},{"path":"\/template\/editskincate.html","checksum":"ee04064aa65f8f63b7a394b322c83315"},{"path":"\/template\/edituser.html","checksum":"0ecf2b94e9adbb5b95ef2c03dd5e75eb"},{"path":"\/template\/formid.html","checksum":"4fd9a48bf9afc1181f6eb4be6187172b"},{"path":"\/template\/header-base.html","checksum":"55ea92c445aca3bc8fca9e23fdb60384"},{"path":"\/template\/help.html","checksum":"98c5f742761b0d8b1a94f2689d83559a"},{"path":"\/template\/index.html","checksum":"8874202c6ca01134e7b30be84fc81d92"},{"path":"\/template\/inmob.html","checksum":"1bde23886c03efe67815d38b96e66a5d"},{"path":"\/template\/isharedo.html","checksum":"c11ad922650be80a4911f5f71e705779"},{"path":"\/template\/list.html","checksum":"315ca30b8f35cbc4b9d79db170cfa412"},{"path":"\/template\/message.html","checksum":"76d566977849054dc7072de4523a3b96"},{"path":"\/template\/mingxi.html","checksum":"f7dcfa458012356c2a8aff2018295b42"},{"path":"\/template\/mob.html","checksum":"190693949905f81122999e10eea3888a"},{"path":"\/template\/monum.html","checksum":"37f8feb564ac18e5d42ba9bdec6d8fc0"},{"path":"\/template\/mucate.html","checksum":"d829ac252c2073aba206d51956fab45b"},{"path":"\/template\/music.html","checksum":"8ee7c4011cea2961d7d4034c5df2ca17"},{"path":"\/template\/paylog.html","checksum":"77c3557ca06166779d31848c76a2e365"},{"path":"\/template\/photos.html","checksum":"968bdf11be7d5b09433c70f3b8dcd965"},{"path":"\/template\/review.html","checksum":"5bd8b271bfe096bb7d3d79ff4c301028"},{"path":"\/template\/reviewpic.html","checksum":"7ea872e3c4674a7d6d72020eea5f96b3"},{"path":"\/template\/seachmusic.html","checksum":"ab5a5af725c188a0aba8a8dc57708741"},{"path":"\/template\/send.html","checksum":"d2ddd798edb70ac2d0e9cf9745a1b2f3"},{"path":"\/template\/sendlog.html","checksum":"2d4fe9c9a10278221ad004aa021d3441"},{"path":"\/template\/setpay.html","checksum":"cfd1bef606ffa98af25b56ac8d5d8895"},{"path":"\/template\/setting.html","checksum":"8406b1cc381f3c6684ace2b23a627d35"},{"path":"\/template\/skin.html","checksum":"a68e3e9eb061b3d47c541d29fad9f328"},{"path":"\/template\/skincate.html","checksum":"4a18ec68c1967671e227cd6514d2321a"},{"path":"\/template\/testmob.html","checksum":"47129b227c6f46023ca79d1150422ef3"},{"path":"\/template\/user.html","checksum":"208f81b46b9c5054664339dc13f518d5"},{"path":"\/template\/weigui.html","checksum":"e266b0cf1962c182fbcd51c444761af2"},{"path":"\/template\/welcome.html","checksum":"d0d4da0cbec404d17f28b98ed618a427"},{"path":"\/uninstall.php","checksum":"ce0de4067796768fbef2c11a6697b4e6"},{"path":"\/upgrade.php","checksum":"99e96396f4d2c02490565dfdd658747c"},{"path":"\/wxpay.php","checksum":"c84f105ec96bc9cec8556497dff3f5ba"},{"path":"\/wxapp.php","checksum":"fe813f9425f52e24847f2f5c53bc10c7"}]